,Word
0,men
1,nike
2,shirt
3,size
4,new
5,jordan
6,polo
7,black
8,air
9,adida
10,hoodi
11,jacket
12,jean
13,short
14,hat
15,jersey
16,shoe
17,tshirt
18,bundl
19,lauren
20,ralph
21,watch
22,nwt
23,larg
24,armour
25,vintag
26,gold
27,pant
28,tee
29,retro
30,blue
31,white
32,van
33,belt
34,red
35,sweatshirt
36,zip
37,medium
38,sock
39,boot
40,sweater
41,sleev
42,wallet
43,suprem
44,fit
45,brand
46,american
47,face
48,free
49,long
50,leather
51,gucci
52,pink
53,backpack
54,north
55,eagl
56,sunglass
57,levi
58,tommi
59,windbreak
60,top
61,small
62,true
63,pullov
64,button
65,jogger
66,max
67,hilfig
68,religion
69,ship
70,authent
71,grey
72,hollist
73,cap
74,xxl
75,pair
76,fleec
77,sneaker
78,snapback
79,bag
80,camo
81,dress
82,14k
83,low
84,navi
85,run
86,lebron
87,convers
88,oakley
89,basketbal
90,hold
91,tank
92,patagonia
93,beani
94,boost
95,chain
96,yeezi
97,vine
98,bape
99,vineyard
100,sweatpant
101,green
102,denim
103,gray
104,tie
105,timberland
106,necklac
107,crew
108,plate
109,diamond
110,dad
111,drifit
112,half
113,lot
114,columbia
115,elit
116,forc
117,boxer
118,kobe
119,star
120,rock
121,sweat
122,set
123,puma
124,cargo
125,nmd
126,sport
127,dri
128,soccer
129,vest
130,high
131,bracelet
132,slide
133,brown
134,harley
135,band
136,basebal
137,pro
138,one
139,unisex
140,classic
141,silver
142,athlet
143,slim
144,foamposit
145,michael
146,sale
147,davidson
148,burberri
149,2xl
150,golf
151,crewneck
152,reviv
153,calvin
154,coat
155,pack
156,lululemon
157,loui
158,rosh
159,champion
160,ring
161,nwot
162,logo
163,klein
164,like
165,vuitton
166,khaki
167,old
168,cowboy
169,chicago
170,ice
171,steel
172,yellow
173,flannel
174,swim
175,skinni
176,reebok
177,quarter
178,lacost
179,custom
180,abercrombi
181,nautica
182,thrasher
183,express
184,sandal
185,flyknit
186,ban
187,ray
188,brief
189,era
190,kor
191,trunk
192,buckl
193,box
194,grillz
195,neck
196,finish
197,stussi
198,track
199,ultra
200,reserv
201,carhartt
202,light
203,woman
204,appl
205,ferragamo
206,zoom
207,compress
208,tech
209,sperri
210,balanc
211,straight
212,origin
213,stripe
214,suppli
215,nfl
216,sued
217,coach
218,bomber
219,gshock
220,bull
221,glass
222,underwear
223,hood
224,rare
225,big
226,versac
227,afflict
228,work
229,stainless
230,huarach
231,aeropostal
232,style
233,rayban
234,state
235,plaid
236,back
237,med
238,york
239,headband
240,hurley
241,bke
242,winter
243,armani
244,space
245,club
246,bred
247,boy
248,republ
249,real
250,fossil
251,usa
252,loafer
253,ape
254,fox
255,flight
256,dalla
257,rose
258,tour
259,cross
260,gear
261,full
262,3xl
263,two
264,purpl
265,combat
266,jame
267,mcm
268,revers
269,dark
270,tag
271,aviat
272,tan
273,guess
274,man
275,southern
276,18k
277,fitch
278,orang
279,ear
280,slipper
281,gap
282,pull
283,suit
284,maroon
285,adult
286,king
287,janoski
288,obey
289,secret
290,duffl
291,clear
292,jam
293,victoria
294,huf
295,invicta
296,combo
297,bottom
298,rolex
299,tom
300,bath
301,thermal
302,wool
303,armor
304,banana
305,war
306,smart
307,distress
308,cotton
309,cole
310,metal
311,futur
312,toe
313,raider
314,drake
315,edit
316,len
317,bear
318,northfac
319,flip
320,graphic
321,freeship
322,skull
323,strapback
324,dunk
325,pocket
326,armi
327,shark
328,casual
329,tubular
330,mask
331,flop
332,steeler
333,univers
334,footbal
335,race
336,angel
337,madrid
338,tripl
339,train
340,trainer
341,barcelona
342,use
343,kyri
344,asic
345,color
346,shock
347,diesel
348,nba
349,wayfar
350,snap
351,yanke
352,day
353,fashion
354,royal
355,ovo
356,gym
357,duck
358,wrangler
359,biker
360,case
361,print
362,miami
363,canva
364,board
365,john
366,exchang
367,cut
368,olymp
369,visor
370,volcom
371,design
372,nixon
373,disney
374,knit
375,superstar
376,casio
377,fighter
378,home
379,clubmast
380,sox
381,slip
382,42mm
383,money
384,militari
385,pendant
386,cuban
387,patriot
388,dicki
389,worn
390,polar
391,cub
392,super
393,oliv
394,flag
395,premium
396,curri
397,dead
398,keychain
399,ugg
400,therma
401,fill
402,christma
403,patrick
404,lucki
405,laker
406,boston
407,strap
408,oreo
409,dolphin
410,limit
411,wolf
412,price
413,vneck
414,social
415,blazer
416,mid
417,team
418,game
419,bryant
420,tide
421,nib
422,heat
423,collar
424,bahama
425,fendi
426,tenni
427,wash
428,glove
429,dye
430,infrar
431,life
432,legend
433,world
434,wing
435,great
436,rvca
437,line
438,stone
439,floral
440,bucket
441,lularo
442,texa
443,ball
444,motorcycl
445,thermafit
446,arizona
447,flex
448,flux
449,tiger
450,euc
451,batman
452,chuck
453,giant
454,kany
455,clip
456,laptop
457,pittsburgh
458,salvator
459,brook
460,starter
461,sticker
462,forev
463,wind
464,america
465,filum
466,docker
467,foam
468,stud
469,vtg
470,card
471,sk8
472,san
473,cool
474,christian
475,clark
476,silk
477,sun
478,fire
479,dodger
480,skate
481,michigan
482,marvel
483,nice
484,unit
485,benassi
486,smith
487,taylor
488,seri
489,zara
490,herschel
491,oxford
492,adjust
493,lion
494,bay
495,weed
496,cleat
497,warrior
498,49er
499,stefan
500,manchest
501,california
502,never
503,burgundi
504,cat
505,hawaiian
506,youth
507,storm
508,hockey
509,cement
510,guy
511,love
512,hip
513,hyperdunk
514,odd
515,citi
516,haan
517,sk8hi
518,titanium
519,presto
520,brother
521,rain
522,bullhead
523,pajama
524,pablo
525,cardigan
526,costa
527,charm
528,boat
529,head
530,fish
531,condit
532,flash
533,genuin
534,rip
535,young
536,pacsun
537,chap
538,superman
539,jesu
540,fli
541,atlanta
542,carolina
543,embroid
544,alabama
545,longsleev
546,lrg
547,breaker
548,hundr
549,deal
550,rope
551,bow
552,hyper
553,waterproof
554,away
555,blk
556,trucker
557,perform
558,oakland
559,bill
560,tall
